raceMinute,started,atMile0,atMile1,atMile2,atMile3,atMile4,atMile5,atMile6,atMile7,atMile8,atMile9,atMile10,atMile11,atMile12,atMile13,atMile14,atMile15,atMile16,atMile17,atMile18,atMile19,atMile20,atMile21,atMile22,atMile23,atMile24,atMile25,atMile26,finished
0,0,0,0,0,0,0,0,0,0,0,0,0,0,0,0,0,0,0,0,0,0,0,0,0,0,0,0,0,0
2,139,1390,0,0,0,0,0,0,0,0,0,0,0,0,0,0,0,0,0,0,0,0,0,0,0,0,0,0,0
4,278,2780,0,0,0,0,0,0,0,0,0,0,0,0,0,0,0,0,0,0,0,0,0,0,0,0,0,0,0
6,416,4130,30,0,0,0,0,0,0,0,0,0,0,0,0,0,0,0,0,0,0,0,0,0,0,0,0,0,0
8,483,4160,670,0,0,0,0,0,0,0,0,0,0,0,0,0,0,0,0,0,0,0,0,0,0,0,0,0,0
10,549,3720,1770,0,0,0,0,0,0,0,0,0,0,0,0,0,0,0,0,0,0,0,0,0,0,0,0,0,0
12,614,2970,3140,30,0,0,0,0,0,0,0,0,0,0,0,0,0,0,0,0,0,0,0,0,0,0,0,0,0
14,668,2580,3860,240,0,0,0,0,0,0,0,0,0,0,0,0,0,0,0,0,0,0,0,0,0,0,0,0,0
16,722,2470,3870,880,0,0,0,0,0,0,0,0,0,0,0,0,0,0,0,0,0,0,0,0,0,0,0,0,0
18,775,2270,3670,1780,30,0,0,0,0,0,0,0,0,0,0,0,0,0,0,0,0,0,0,0,0,0,0,0,0
20,829,2290,3200,2660,140,0,0,0,0,0,0,0,0,0,0,0,0,0,0,0,0,0,0,0,0,0,0,0,0
22,855,2150,2820,3140,440,0,0,0,0,0,0,0,0,0,0,0,0,0,0,0,0,0,0,0,0,0,0,0,0
24,855,1620,2650,3230,1020,30,0,0,0,0,0,0,0,0,0,0,0,0,0,0,0,0,0,0,0,0,0,0,0
26,884,1420,2420,3200,1690,110,0,0,0,0,0,0,0,0,0,0,0,0,0,0,0,0,0,0,0,0,0,0,0
28,913,1080,2470,2990,2300,280,10,0,0,0,0,0,0,0,0,0,0,0,0,0,0,0,0,0,0,0,0,0,0
30,942,1030,2350,2810,2540,660,30,0,0,0,0,0,0,0,0,0,0,0,0,0,0,0,0,0,0,0,0,0,0
32,971,1160,2120,2610,2650,1070,100,0,0,0,0,0,0,0,0,0,0,0,0,0,0,0,0,0,0,0,0,0,0
34,1000,1400,1750,2360,2660,1610,210,10,0,0,0,0,0,0,0,0,0,0,0,0,0,0,0,0,0,0,0,0,0
36,1000,1140,1450,2260,2690,1960,470,30,0,0,0,0,0,0,0,0,0,0,0,0,0,0,0,0,0,0,0,0,0
38,1000,880,1170,2310,2610,2220,730,80,0,0,0,0,0,0,0,0,0,0,0,0,0,0,0,0,0,0,0,0,0
40,1000,550,1140,2290,2460,2300,1100,150,10,0,0,0,0,0,0,0,0,0,0,0,0,0,0,0,0,0,0,0,0
42,1000,260,1290,2070,2300,2210,1520,320,30,0,0,0,0,0,0,0,0,0,0,0,0,0,0,0,0,0,0,0,0
44,1000,80,1340,1720,2190,2250,1770,600,50,0,0,0,0,0,0,0,0,0,0,0,0,0,0,0,0,0,0,0,0
46,1000,20,1210,1410,2160,2270,2010,780,130,10,0,0,0,0,0,0,0,0,0,0,0,0,0,0,0,0,0,0,0
48,1000,0,1020,1160,2230,2290,2000,1030,240,30,0,0,0,0,0,0,0,0,0,0,0,0,0,0,0,0,0,0,0
50,1000,0,740,1070,2250,2110,1960,1390,430,50,0,0,0,0,0,0,0,0,0,0,0,0,0,0,0,0,0,0,0
52,1000,0,440,1180,2040,2080,1890,1680,550,130,10,0,0,0,0,0,0,0,0,0,0,0,0,0,0,0,0,0,0
54,1000,0,190,1290,1680,2060,2000,1760,820,170,30,0,0,0,0,0,0,0,0,0,0,0,0,0,0,0,0,0,0
56,1000,0,80,1230,1400,2070,2050,1810,1000,310,50,0,0,0,0,0,0,0,0,0,0,0,0,0,0,0,0,0,0
58,1000,0,30,1130,1150,2150,1990,1720,1250,450,120,10,0,0,0,0,0,0,0,0,0,0,0,0,0,0,0,0,0
60,1000,0,20,800,1190,2110,1840,1730,1560,590,130,30,0,0,0,0,0,0,0,0,0,0,0,0,0,0,0,0,0
62,1000,0,20,600,1120,1940,1910,1730,1640,720,270,40,10,0,0,0,0,0,0,0,0,0,0,0,0,0,0,0,0
64,1000,0,0,400,1120,1680,1970,1780,1640,940,370,90,10,0,0,0,0,0,0,0,0,0,0,0,0,0,0,0,0
66,1000,0,0,180,1180,1440,1980,1820,1590,1150,510,120,30,0,0,0,0,0,0,0,0,0,0,0,0,0,0,0,0
68,1000,0,0,90,1150,1180,2030,1800,1550,1360,560,230,40,10,0,0,0,0,0,0,0,0,0,0,0,0,0,0,0
70,1000,0,0,30,950,1150,2000,1640,1610,1510,740,280,80,10,0,0,0,0,0,0,0,0,0,0,0,0,0,0,0
72,1000,0,0,30,740,1130,1760,1810,1600,1510,870,410,110,30,0,0,0,0,0,0,0,0,0,0,0,0,0,0,0
74,1000,0,0,20,500,1130,1650,1820,1670,1430,1050,520,170,30,10,0,0,0,0,0,0,0,0,0,0,0,0,0,0
76,1000,0,0,20,340,1070,1480,1920,1580,1420,1250,570,280,60,10,0,0,0,0,0,0,0,0,0,0,0,0,0,0
78,1000,0,0,20,210,1060,1290,1860,1680,1380,1380,660,330,100,30,0,0,0,0,0,0,0,0,0,0,0,0,0,0
80,1000,0,0,0,160,940,1190,1840,1610,1410,1430,840,400,150,20,10,0,0,0,0,0,0,0,0,0,0,0,0,0
82,1000,0,0,0,50,830,1160,1710,1630,1530,1340,990,460,230,60,10,0,0,0,0,0,0,0,0,0,0,0,0,0
84,1000,0,0,0,30,670,1110,1570,1720,1470,1310,1170,550,290,80,30,0,0,0,0,0,0,0,0,0,0,0,0,0
86,1000,0,0,0,30,480,1050,1460,1820,1430,1290,1290,620,380,120,20,10,0,0,0,0,0,0,0,0,0,0,0,0
88,1000,0,0,0,20,310,1050,1310,1780,1520,1210,1350,760,450,190,40,10,0,0,0,0,0,0,0,0,0,0,0,0
90,1000,0,0,0,20,210,940,1250,1720,1520,1380,1230,910,480,230,90,20,0,0,0,0,0,0,0,0,0,0,0,0
92,1000,0,0,0,20,160,850,1190,1550,1550,1390,1220,1120,530,270,120,20,10,0,0,0,0,0,0,0,0,0,0,0
94,1000,0,0,0,20,60,730,1150,1530,1600,1370,1160,1190,630,340,170,40,10,0,0,0,0,0,0,0,0,0,0,0
96,1000,0,0,0,0,40,630,1060,1410,1690,1320,1160,1250,740,390,220,70,20,0,0,0,0,0,0,0,0,0,0,0
98,1000,0,0,0,0,40,460,990,1310,1730,1340,1250,1150,870,480,250,100,20,10,0,0,0,0,0,0,0,0,0,0
100,1000,0,0,0,0,30,310,1010,1200,1610,1450,1280,1120,1030,490,270,150,40,10,0,0,0,0,0,0,0,0,0,0
102,1000,0,0,0,0,30,200,890,1200,1520,1470,1290,1090,1100,620,330,180,60,20,0,0,0,0,0,0,0,0,0,0
104,1000,0,0,0,0,20,180,780,1130,1420,1550,1230,1110,1130,700,410,230,80,20,10,0,0,0,0,0,0,0,0,0
106,1000,0,0,0,0,20,110,640,1120,1390,1550,1250,1100,1130,810,470,230,140,30,10,0,0,0,0,0,0,0,0,0
108,1000,0,0,0,0,20,50,580,980,1270,1630,1300,1190,1020,980,440,320,140,60,20,0,0,0,0,0,0,0,0,0
110,1000,0,0,0,0,20,20,460,960,1210,1510,1380,1130,1030,1050,590,330,200,80,20,10,0,0,0,0,0,0,0,0
112,1000,0,0,0,0,0,40,300,960,1150,1450,1400,1180,1040,1020,690,400,220,120,20,10,0,0,0,0,0,0,0,0
114,1000,0,0,0,0,0,30,210,870,1080,1470,1420,1140,1020,1080,780,480,210,130,60,20,0,0,0,0,0,0,0,0
116,1000,0,0,0,0,0,30,180,740,1100,1300,1460,1240,1030,980,960,430,290,170,60,20,10,0,0,0,0,0,0,0
118,1000,0,0,0,0,0,30,140,600,1040,1270,1470,1240,1080,910,970,600,320,200,100,20,10,0,0,0,0,0,0,0
120,1000,0,0,0,0,0,30,80,510,970,1150,1520,1250,1130,960,950,640,400,210,140,50,10,0,0,0,0,0,0,0
122,1000,0,0,0,0,0,30,30,450,940,1090,1420,1310,1170,900,1020,740,400,270,150,50,20,10,0,0,0,0,0,0
124,1000,0,0,0,0,0,20,20,320,900,1070,1380,1380,1090,980,960,890,400,290,190,80,20,10,0,0,0,0,0,0
126,1000,0,0,0,0,0,20,20,240,780,1100,1300,1360,1200,1010,860,880,530,340,180,130,40,10,0,0,0,0,0,0
128,1000,0,0,0,0,0,0,30,190,720,1000,1200,1460,1090,1050,920,900,590,430,210,130,50,20,10,0,0,0,0,0
130,1000,0,0,0,0,0,0,30,150,620,980,1150,1360,1200,1050,920,920,720,370,270,150,80,20,10,0,0,0,0,0
132,1000,0,0,0,0,0,0,30,100,520,940,1080,1370,1230,990,940,990,810,400,270,180,110,30,10,0,0,0,0,0
134,1000,0,0,0,0,0,0,30,80,410,880,1040,1370,1280,1030,970,850,840,490,330,190,130,50,20,10,0,0,0,0
136,1000,0,0,0,0,0,0,30,30,320,880,980,1310,1280,1150,890,840,860,560,450,170,160,60,20,10,0,0,0,0
138,1000,0,0,0,0,0,0,30,10,260,800,990,1170,1360,1070,990,850,850,720,360,260,170,80,20,10,0,0,0,0
140,1000,0,0,0,0,0,0,30,10,180,710,990,1110,1300,1170,990,780,960,760,390,270,160,110,60,10,10,0,0,0
142,1000,0,0,0,0,0,0,30,0,190,570,950,1070,1300,1190,920,930,830,800,470,340,200,130,50,20,10,0,0,0
144,1000,0,0,0,0,0,0,0,30,140,510,870,1020,1330,1210,970,940,740,840,530,410,200,150,80,20,10,0,0,0
146,1000,0,0,0,0,0,0,0,30,80,420,890,970,1240,1200,1090,860,800,820,690,330,270,140,110,40,10,10,0,0
148,1000,0,0,0,0,0,0,0,30,60,340,820,920,1220,1280,1000,940,830,800,750,380,270,150,130,50,20,10,0,0
150,1000,0,0,0,0,0,0,0,30,30,260,780,960,1080,1240,1100,920,810,850,760,410,350,170,150,70,20,10,0,0
152,1000,0,0,0,0,0,0,0,30,20,200,740,890,1060,1210,1150,880,940,730,760,510,360,250,140,70,40,0,0,1
154,1000,0,0,0,0,0,0,0,30,10,190,600,860,1000,1280,1150,940,860,750,760,650,330,250,140,120,50,10,0,1
156,1000,0,0,0,0,0,0,0,30,10,160,490,840,980,1220,1120,1040,830,800,800,670,350,260,190,130,50,10,0,1
158,1000,0,0,0,0,0,0,0,30,0,120,420,840,930,1150,1210,990,890,680,830,720,400,360,170,150,80,10,0,1
160,1000,0,0,0,0,0,0,0,20,10,80,370,800,860,1110,1200,1010,860,840,760,720,480,350,240,120,90,30,0,2
162,1000,0,0,0,0,0,0,0,10,20,60,280,740,930,1020,1150,1110,850,850,680,770,600,340,240,140,130,20,0,3
164,1000,0,0,0,0,0,0,0,0,30,30,230,740,830,930,1280,1070,910,800,720,770,650,340,260,180,130,40,0,3
166,1000,0,0,0,0,0,0,0,0,30,30,190,620,790,970,1200,1040,980,840,710,800,610,390,360,180,100,50,0,3
168,1000,0,0,0,0,0,0,0,0,30,10,180,480,830,930,1130,1130,980,810,690,780,670,470,340,200,130,50,0,8
170,1000,0,0,0,0,0,0,0,0,30,10,140,410,810,920,1050,1120,970,820,850,670,680,580,340,240,150,50,0,8
172,1000,0,0,0,0,0,0,0,0,30,0,110,370,740,860,1070,1100,1040,830,810,710,690,630,330,270,150,60,0,9
174,1000,0,0,0,0,0,0,0,0,30,0,80,310,710,870,1000,1090,1060,870,730,760,720,590,380,350,160,-10,0,12
176,1000,0,0,0,0,0,0,0,0,20,10,60,240,740,770,910,1210,960,920,810,650,720,650,450,310,230,-70,0,20
178,1000,0,0,0,0,0,0,0,0,10,20,40,190,650,740,930,1070,1110,960,760,690,700,630,560,310,240,-50,0,21
180,1000,0,0,0,0,0,0,0,0,10,20,30,180,540,750,890,1050,1080,910,790,810,620,710,610,320,260,-90,0,25
182,1000,0,0,0,0,0,0,0,0,10,20,10,180,410,750,890,1010,1090,960,810,780,640,710,580,340,320,-60,0,26
184,1000,0,0,0,0,0,0,0,0,0,30,10,130,370,710,890,980,1040,1030,820,700,700,710,570,430,300,-80,0,31
186,1000,0,0,0,0,0,0,0,0,0,30,0,110,320,690,840,900,1150,900,910,760,620,700,590,550,300,-130,0,35
188,1000,0,0,0,0,0,0,0,0,0,30,0,80,260,710,750,830,1160,960,950,710,710,630,630,600,290,-140,0,41
190,1000,0,0,0,0,0,0,0,0,0,30,0,60,230,640,690,860,1080,1060,820,750,760,680,650,560,310,-120,0,43
192,1000,0,0,0,0,0,0,0,0,0,30,0,40,190,550,740,850,990,1010,970,760,740,620,700,500,430,-210,0,51
194,1000,0,0,0,0,0,0,0,0,0,10,20,30,170,470,670,910,950,1050,940,770,710,630,650,590,500,-290,0,58
196,1000,0,0,0,0,0,0,0,0,0,10,20,20,170,370,700,840,930,1020,930,860,730,590,650,630,550,-360,0,64
198,1000,0,0,0,0,0,0,0,0,0,10,20,10,140,340,640,830,820,1140,900,860,690,700,590,640,560,-420,0,71
200,1000,0,0,0,0,0,0,0,0,0,10,20,0,110,280,680,740,800,1030,1000,820,720,750,610,660,490,-420,0,82
202,1000,0,0,0,0,0,0,0,0,0,10,20,0,80,240,650,660,840,980,970,950,730,660,640,610,590,-430,0,88
204,1000,0,0,0,0,0,0,0,0,0,10,20,0,70,200,570,690,840,920,1030,880,750,710,590,630,580,-390,0,93
206,1000,0,0,0,0,0,0,0,0,0,0,30,0,40,190,470,650,880,910,980,920,800,690,620,590,600,-410,0,97
208,1000,0,0,0,0,0,0,0,0,0,0,30,0,30,170,390,670,810,880,1030,890,810,670,660,620,610,-590,0,109
210,1000,0,0,0,0,0,0,0,0,0,0,20,10,30,130,360,650,750,850,1020,920,810,650,730,580,660,-760,0,125
212,1000,0,0,0,0,0,0,0,0,0,0,10,20,10,130,300,650,720,780,1000,890,910,710,630,610,610,-830,0,135
214,1000,0,0,0,0,0,0,0,0,0,0,10,20,10,120,230,630,670,810,930,970,850,720,700,570,590,-930,0,150
216,1000,0,0,0,0,0,0,0,0,0,0,10,20,0,90,220,570,660,810,870,1000,880,770,640,620,550,-1000,0,160
218,1000,0,0,0,0,0,0,0,0,0,0,10,20,0,70,200,490,640,860,850,960,860,790,630,640,590,-1090,0,169
220,1000,0,0,0,0,0,0,0,0,0,0,10,20,0,50,180,440,620,790,840,970,880,800,590,700,550,-1210,0,179
222,1000,0,0,0,0,0,0,0,0,0,0,10,20,0,40,160,360,640,760,790,960,850,830,690,630,580,-1360,0,196
224,1000,0,0,0,0,0,0,0,0,0,0,10,20,0,30,140,340,610,710,750,930,900,870,660,690,540,-1510,0,208
226,1000,0,0,0,0,0,0,0,0,0,0,10,20,0,20,120,290,580,650,800,890,950,820,750,630,570,-1650,0,222
228,1000,0,0,0,0,0,0,0,0,0,0,0,20,10,10,120,210,580,650,770,850,950,840,740,620,640,-1820,0,233
230,1000,0,0,0,0,0,0,0,0,0,0,0,10,20,0,100,210,490,600,870,800,920,820,800,560,660,-1930,0,248
232,1000,0,0,0,0,0,0,0,0,0,0,0,10,20,0,90,180,440,610,740,820,900,870,750,680,630,-2030,0,259
234,1000,0,0,0,0,0,0,0,0,0,0,0,10,20,0,50,160,440,580,730,760,950,800,830,650,670,-2170,0,270
236,1000,0,0,0,0,0,0,0,0,0,0,0,10,20,0,40,170,350,590,700,720,850,920,830,710,620,-2280,0,281
238,1000,0,0,0,0,0,0,0,0,0,0,0,10,20,0,40,120,300,590,640,770,860,910,820,690,600,-2330,0,294
240,1000,0,0,0,0,0,0,0,0,0,0,0,10,20,0,30,120,270,560,610,740,860,890,810,750,540,-2360,0,301
242,1000,0,0,0,0,0,0,0,0,0,0,0,10,20,0,20,110,220,530,570,800,780,860,830,750,600,-2500,0,314
244,1000,0,0,0,0,0,0,0,0,0,0,0,10,10,10,10,100,190,440,610,760,740,890,770,800,670,-2630,0,326
246,1000,0,0,0,0,0,0,0,0,0,0,0,10,0,20,0,90,180,400,590,710,730,880,840,800,670,-2740,0,336
248,1000,0,0,0,0,0,0,0,0,0,0,0,10,0,20,0,70,140,410,580,690,700,780,930,790,690,-2870,0,345
250,1000,0,0,0,0,0,0,0,0,0,0,0,0,10,20,0,40,170,350,540,610,760,790,900,790,700,-3030,0,360
252,1000,0,0,0,0,0,0,0,0,0,0,0,0,10,20,0,40,120,300,580,560,770,810,830,780,750,-3170,0,370
254,1000,0,0,0,0,0,0,0,0,0,0,0,0,10,20,0,30,120,270,480,580,770,750,820,800,710,-3160,0,384
256,1000,0,0,0,0,0,0,0,0,0,0,0,0,10,20,0,30,120,210,430,600,720,730,870,760,780,-3300,0,395
258,1000,0,0,0,0,0,0,0,0,0,0,0,0,10,20,0,10,110,180,410,580,710,720,840,780,790,-3350,0,406
260,1000,0,0,0,0,0,0,0,0,0,0,0,0,10,20,0,0,100,160,390,570,720,630,770,920,780,-3470,0,413
262,1000,0,0,0,0,0,0,0,0,0,0,0,0,10,10,10,0,90,130,390,550,620,680,790,880,740,-3520,0,425
264,1000,0,0,0,0,0,0,0,0,0,0,0,0,10,0,20,0,60,140,340,510,570,760,790,790,750,-3720,0,436
266,1000,0,0,0,0,0,0,0,0,0,0,0,0,10,0,20,0,40,140,290,510,540,720,750,790,750,-3780,0,453
268,1000,0,0,0,0,0,0,0,0,0,0,0,0,10,0,20,0,40,110,260,460,550,720,690,820,770,-3910,0,468
270,1000,0,0,0,0,0,0,0,0,0,0,0,0,10,0,20,0,30,120,210,400,590,690,700,740,840,-4020,0,476
272,1000,0,0,0,0,0,0,0,0,0,0,0,0,0,10,20,0,30,100,180,380,580,680,620,750,900,-4200,0,489
274,1000,0,0,0,0,0,0,0,0,0,0,0,0,0,10,20,0,10,110,150,360,580,600,660,760,850,-4270,0,499
276,1000,0,0,0,0,0,0,0,0,0,0,0,0,0,10,20,0,0,100,140,370,500,560,740,730,790,-4450,0,514
278,1000,0,0,0,0,0,0,0,0,0,0,0,0,0,10,20,0,0,70,130,330,480,540,740,680,760,-4520,0,527
280,1000,0,0,0,0,0,0,0,0,0,0,0,0,0,10,10,10,0,50,130,290,460,560,660,690,810,-4700,0,544
282,1000,0,0,0,0,0,0,0,0,0,0,0,0,0,10,0,20,0,50,110,270,380,560,710,670,720,-4760,0,557
284,1000,0,0,0,0,0,0,0,0,0,0,0,0,0,10,0,20,0,40,110,210,390,560,670,630,710,-4800,0,568
286,1000,0,0,0,0,0,0,0,0,0,0,0,0,0,10,0,20,0,30,110,170,360,560,630,650,710,-4940,0,575
288,1000,0,0,0,0,0,0,0,0,0,0,0,0,0,10,0,20,0,20,100,170,340,550,540,690,740,-5160,0,588
290,1000,0,0,0,0,0,0,0,0,0,0,0,0,0,10,0,20,0,10,100,150,340,490,480,730,720,-5360,0,605
292,1000,0,0,0,0,0,0,0,0,0,0,0,0,0,10,0,20,0,0,100,120,310,440,550,660,670,-5440,0,621
294,1000,0,0,0,0,0,0,0,0,0,0,0,0,0,0,10,20,0,0,70,110,320,390,530,690,660,-5640,0,633
296,1000,0,0,0,0,0,0,0,0,0,0,0,0,0,0,10,20,0,0,50,110,270,360,560,660,640,-5800,0,647
298,1000,0,0,0,0,0,0,0,0,0,0,0,0,0,0,10,10,10,0,50,110,230,340,540,640,600,-5880,0,659
300,1000,0,0,0,0,0,0,0,0,0,0,0,0,0,0,10,0,20,0,40,100,180,340,530,590,650,-6000,0,671
302,1000,0,0,0,0,0,0,0,0,0,0,0,0,0,0,10,0,20,0,30,90,180,320,520,520,660,-6110,0,681
304,1000,0,0,0,0,0,0,0,0,0,0,0,0,0,0,10,0,20,0,20,100,150,300,490,470,690,-6260,0,690
306,1000,0,0,0,0,0,0,0,0,0,0,0,0,0,0,10,0,20,0,0,110,120,300,410,540,660,-6430,0,706
308,1000,0,0,0,0,0,0,0,0,0,0,0,0,0,0,10,0,20,0,0,90,100,320,350,530,660,-6520,0,714
310,1000,0,0,0,0,0,0,0,0,0,0,0,0,0,0,10,0,20,0,0,70,90,300,330,540,630,-6640,0,725
312,1000,0,0,0,0,0,0,0,0,0,0,0,0,0,0,10,0,20,0,0,50,110,240,300,560,570,-6760,0,739
314,1000,0,0,0,0,0,0,0,0,0,0,0,0,0,0,10,0,20,0,0,50,110,170,320,530,520,-6820,0,748
316,1000,0,0,0,0,0,0,0,0,0,0,0,0,0,0,0,10,10,10,0,40,110,150,310,490,490,-6900,0,757
318,1000,0,0,0,0,0,0,0,0,0,0,0,0,0,0,0,10,0,20,0,30,90,150,290,470,490,-7030,0,767
320,1000,0,0,0,0,0,0,0,0,0,0,0,0,0,0,0,10,0,20,0,20,90,150,280,370,540,-7110,0,777
322,1000,0,0,0,0,0,0,0,0,0,0,0,0,0,0,0,10,0,20,0,0,110,100,310,320,530,-7220,0,785
324,1000,0,0,0,0,0,0,0,0,0,0,0,0,0,0,0,10,0,20,0,0,90,80,290,320,530,-7350,0,794
326,1000,0,0,0,0,0,0,0,0,0,0,0,0,0,0,0,10,0,20,0,0,70,90,250,290,520,-7450,0,800
328,1000,0,0,0,0,0,0,0,0,0,0,0,0,0,0,0,10,0,20,0,0,50,110,220,270,510,-7650,0,813
330,1000,0,0,0,0,0,0,0,0,0,0,0,0,0,0,0,10,0,20,0,0,50,100,160,290,490,-7780,0,827
332,1000,0,0,0,0,0,0,0,0,0,0,0,0,0,0,0,10,0,20,0,0,40,90,140,280,460,-7890,0,837
334,1000,0,0,0,0,0,0,0,0,0,0,0,0,0,0,0,10,0,10,10,0,40,80,140,290,330,-7870,0,842
336,1000,0,0,0,0,0,0,0,0,0,0,0,0,0,0,0,10,0,0,20,0,20,90,120,290,320,-7970,0,849
338,1000,0,0,0,0,0,0,0,0,0,0,0,0,0,0,0,10,0,0,20,0,0,100,100,270,310,-8060,0,858
340,1000,0,0,0,0,0,0,0,0,0,0,0,0,0,0,0,0,10,0,20,0,0,90,80,270,260,-8120,0,865
342,1000,0,0,0,0,0,0,0,0,0,0,0,0,0,0,0,0,10,0,20,0,0,80,80,240,260,-8220,0,871
344,1000,0,0,0,0,0,0,0,0,0,0,0,0,0,0,0,0,10,0,20,0,0,50,100,190,270,-8290,0,877
346,1000,0,0,0,0,0,0,0,0,0,0,0,0,0,0,0,0,10,0,20,0,0,50,90,140,270,-8420,0,886
348,1000,0,0,0,0,0,0,0,0,0,0,0,0,0,0,0,0,10,0,20,0,0,50,80,140,280,-8570,0,891
350,1000,0,0,0,0,0,0,0,0,0,0,0,0,0,0,0,0,10,0,20,0,0,40,80,110,290,-8740,0,905
352,1000,0,0,0,0,0,0,0,0,0,0,0,0,0,0,0,0,10,0,10,10,0,30,80,110,260,-8810,0,911
354,1000,0,0,0,0,0,0,0,0,0,0,0,0,0,0,0,0,10,0,10,10,0,0,100,80,270,-8890,0,917
356,1000,0,0,0,0,0,0,0,0,0,0,0,0,0,0,0,0,10,0,0,20,0,0,90,80,270,-8990,0,921
358,1000,0,0,0,0,0,0,0,0,0,0,0,0,0,0,0,0,10,0,0,20,0,0,80,90,200,-9040,0,928
360,1000,0,0,0,0,0,0,0,0,0,0,0,0,0,0,0,0,10,0,0,20,0,0,50,100,170,-9090,0,932
362,1000,0,0,0,0,0,0,0,0,0,0,0,0,0,0,0,0,0,10,0,20,0,0,50,90,130,-9080,0,936
364,1000,0,0,0,0,0,0,0,0,0,0,0,0,0,0,0,0,0,10,0,20,0,0,50,80,120,-9130,0,942
366,1000,0,0,0,0,0,0,0,0,0,0,0,0,0,0,0,0,0,10,0,20,0,0,40,80,110,-9170,0,942
368,1000,0,0,0,0,0,0,0,0,0,0,0,0,0,0,0,0,0,10,0,20,0,0,40,70,100,-9190,0,945
370,1000,0,0,0,0,0,0,0,0,0,0,0,0,0,0,0,0,0,10,0,10,10,0,20,80,80,-9230,0,949
372,1000,0,0,0,0,0,0,0,0,0,0,0,0,0,0,0,0,0,10,0,10,10,0,0,90,80,-9260,0,952
374,1000,0,0,0,0,0,0,0,0,0,0,0,0,0,0,0,0,0,10,0,0,20,0,0,80,90,-9340,0,953
376,1000,0,0,0,0,0,0,0,0,0,0,0,0,0,0,0,0,0,10,0,0,20,0,0,70,80,-9420,0,956
378,1000,0,0,0,0,0,0,0,0,0,0,0,0,0,0,0,0,0,10,0,0,20,0,0,50,90,-9490,0,962
380,1000,0,0,0,0,0,0,0,0,0,0,0,0,0,0,0,0,0,10,0,0,20,0,0,50,80,-9580,0,968
382,1000,0,0,0,0,0,0,0,0,0,0,0,0,0,0,0,0,0,10,0,0,20,0,0,40,80,-9610,0,972
384,1000,0,0,0,0,0,0,0,0,0,0,0,0,0,0,0,0,0,10,0,0,20,0,0,40,70,-9650,0,974
386,1000,0,0,0,0,0,0,0,0,0,0,0,0,0,0,0,0,0,0,10,0,20,0,0,20,80,-9650,0,974
388,1000,0,0,0,0,0,0,0,0,0,0,0,0,0,0,0,0,0,0,10,0,20,0,0,10,80,-9680,0,977
390,1000,0,0,0,0,0,0,0,0,0,0,0,0,0,0,0,0,0,0,10,0,10,10,0,0,90,-9720,0,979
392,1000,0,0,0,0,0,0,0,0,0,0,0,0,0,0,0,0,0,0,10,0,0,20,0,0,80,-9720,0,979
394,1000,0,0,0,0,0,0,0,0,0,0,0,0,0,0,0,0,0,0,10,0,0,20,0,0,60,-9740,0,981
396,1000,0,0,0,0,0,0,0,0,0,0,0,0,0,0,0,0,0,0,10,0,0,20,0,0,50,-9740,0,982
398,1000,0,0,0,0,0,0,0,0,0,0,0,0,0,0,0,0,0,0,10,0,0,20,0,0,40,-9760,0,984
400,1000,0,0,0,0,0,0,0,0,0,0,0,0,0,0,0,0,0,0,10,0,0,20,0,0,40,-9760,0,984
402,1000,0,0,0,0,0,0,0,0,0,0,0,0,0,0,0,0,0,0,10,0,0,20,0,0,30,-9780,0,985
404,1000,0,0,0,0,0,0,0,0,0,0,0,0,0,0,0,0,0,0,10,0,0,20,0,0,20,-9780,0,985
406,1000,0,0,0,0,0,0,0,0,0,0,0,0,0,0,0,0,0,0,10,0,0,20,0,0,10,-9800,0,988
408,1000,0,0,0,0,0,0,0,0,0,0,0,0,0,0,0,0,0,0,10,0,0,10,10,0,0,-9800,0,988
410,1000,0,0,0,0,0,0,0,0,0,0,0,0,0,0,0,0,0,0,10,0,0,10,10,0,0,-9810,0,988
412,1000,0,0,0,0,0,0,0,0,0,0,0,0,0,0,0,0,0,0,0,10,0,0,20,0,0,-9830,0,989
414,1000,0,0,0,0,0,0,0,0,0,0,0,0,0,0,0,0,0,0,0,10,0,0,20,0,0,-9850,0,990
416,1000,0,0,0,0,0,0,0,0,0,0,0,0,0,0,0,0,0,0,0,10,0,0,20,0,0,-9870,0,991
418,1000,0,0,0,0,0,0,0,0,0,0,0,0,0,0,0,0,0,0,0,10,0,0,20,0,0,-9880,0,992
420,1000,0,0,0,0,0,0,0,0,0,0,0,0,0,0,0,0,0,0,0,10,0,0,20,0,0,-9910,0,993
422,1000,0,0,0,0,0,0,0,0,0,0,0,0,0,0,0,0,0,0,0,10,0,0,20,0,0,-9920,0,993
424,1000,0,0,0,0,0,0,0,0,0,0,0,0,0,0,0,0,0,0,0,10,0,0,20,0,0,-9940,0,995
426,1000,0,0,0,0,0,0,0,0,0,0,0,0,0,0,0,0,0,0,0,10,0,0,20,0,0,-9960,0,996
428,1000,0,0,0,0,0,0,0,0,0,0,0,0,0,0,0,0,0,0,0,10,0,0,10,10,0,-9960,0,996
430,1000,0,0,0,0,0,0,0,0,0,0,0,0,0,0,0,0,0,0,0,10,0,0,10,10,0,-9970,0,997
432,1000,0,0,0,0,0,0,0,0,0,0,0,0,0,0,0,0,0,0,0,10,0,0,0,20,0,-9970,0,997
434,1000,0,0,0,0,0,0,0,0,0,0,0,0,0,0,0,0,0,0,0,10,0,0,0,20,0,-9970,0,997
436,1000,0,0,0,0,0,0,0,0,0,0,0,0,0,0,0,0,0,0,0,0,10,0,0,20,0,-9970,0,997
438,1000,0,0,0,0,0,0,0,0,0,0,0,0,0,0,0,0,0,0,0,0,10,0,0,20,0,-9970,0,997
440,1000,0,0,0,0,0,0,0,0,0,0,0,0,0,0,0,0,0,0,0,0,10,0,0,20,0,-9970,0,997
442,1000,0,0,0,0,0,0,0,0,0,0,0,0,0,0,0,0,0,0,0,0,10,0,0,20,0,-9970,0,997
444,1000,0,0,0,0,0,0,0,0,0,0,0,0,0,0,0,0,0,0,0,0,10,0,0,20,0,-9970,0,997
446,1000,0,0,0,0,0,0,0,0,0,0,0,0,0,0,0,0,0,0,0,0,10,0,0,20,0,-9970,0,997
448,1000,0,0,0,0,0,0,0,0,0,0,0,0,0,0,0,0,0,0,0,0,10,0,0,10,10,-9970,0,997
450,1000,0,0,0,0,0,0,0,0,0,0,0,0,0,0,0,0,0,0,0,0,10,0,0,10,10,-9970,0,997
452,1000,0,0,0,0,0,0,0,0,0,0,0,0,0,0,0,0,0,0,0,0,10,0,0,0,20,-9970,0,997
454,1000,0,0,0,0,0,0,0,0,0,0,0,0,0,0,0,0,0,0,0,0,10,0,0,0,20,-9970,0,997
456,1000,0,0,0,0,0,0,0,0,0,0,0,0,0,0,0,0,0,0,0,0,10,0,0,0,20,-9970,0,997
458,1000,0,0,0,0,0,0,0,0,0,0,0,0,0,0,0,0,0,0,0,0,10,0,0,0,20,-9970,0,997
460,1000,0,0,0,0,0,0,0,0,0,0,0,0,0,0,0,0,0,0,0,0,10,0,0,0,20,-9970,0,997
462,1000,0,0,0,0,0,0,0,0,0,0,0,0,0,0,0,0,0,0,0,0,0,10,0,0,20,-9970,0,997
464,1000,0,0,0,0,0,0,0,0,0,0,0,0,0,0,0,0,0,0,0,0,0,10,0,0,20,-9970,0,997
466,1000,0,0,0,0,0,0,0,0,0,0,0,0,0,0,0,0,0,0,0,0,0,10,0,0,20,-9970,0,997
468,1000,0,0,0,0,0,0,0,0,0,0,0,0,0,0,0,0,0,0,0,0,0,10,0,0,10,-9960,0,997
470,1000,0,0,0,0,0,0,0,0,0,0,0,0,0,0,0,0,0,0,0,0,0,10,0,0,10,-9960,0,997
472,1000,0,0,0,0,0,0,0,0,0,0,0,0,0,0,0,0,0,0,0,0,0,10,0,0,0,-9950,0,997
474,1000,0,0,0,0,0,0,0,0,0,0,0,0,0,0,0,0,0,0,0,0,0,10,0,0,0,-9950,0,997
476,1000,0,0,0,0,0,0,0,0,0,0,0,0,0,0,0,0,0,0,0,0,0,10,0,0,0,-9950,0,997
478,1000,0,0,0,0,0,0,0,0,0,0,0,0,0,0,0,0,0,0,0,0,0,10,0,0,0,-9950,0,997
480,1000,0,0,0,0,0,0,0,0,0,0,0,0,0,0,0,0,0,0,0,0,0,10,0,0,0,-9950,0,997
482,1000,0,0,0,0,0,0,0,0,0,0,0,0,0,0,0,0,0,0,0,0,0,10,0,0,0,-9950,0,997
484,1000,0,0,0,0,0,0,0,0,0,0,0,0,0,0,0,0,0,0,0,0,0,10,0,0,0,-9950,0,997
486,1000,0,0,0,0,0,0,0,0,0,0,0,0,0,0,0,0,0,0,0,0,0,10,0,0,0,-9950,0,997
488,1000,0,0,0,0,0,0,0,0,0,0,0,0,0,0,0,0,0,0,0,0,0,0,10,0,0,-9960,0,997
490,1000,0,0,0,0,0,0,0,0,0,0,0,0,0,0,0,0,0,0,0,0,0,0,10,0,0,-9960,0,997
492,1000,0,0,0,0,0,0,0,0,0,0,0,0,0,0,0,0,0,0,0,0,0,0,10,0,0,-9980,0,998
494,1000,0,0,0,0,0,0,0,0,0,0,0,0,0,0,0,0,0,0,0,0,0,0,10,0,0,-9980,0,998
496,1000,0,0,0,0,0,0,0,0,0,0,0,0,0,0,0,0,0,0,0,0,0,0,10,0,0,-9990,0,999
498,1000,0,0,0,0,0,0,0,0,0,0,0,0,0,0,0,0,0,0,0,0,0,0,10,0,0,-9990,0,999
